group,class,mean,std
Average rating,Black win,5.807214018365148e-05,0.00016576726852010612
Average rating,Draw,0.0013277523077622922,0.0003134676873940785
Average rating,White win,-2.2546255067812384e-06,3.187048185993244e-05
Clock (base + increment),Black win,-0.00011028833379977954,0.00021458447795643388
Clock (base + increment),Draw,0.0030525546886607914,0.0005099106178987089
Clock (base + increment),White win,-0.0003289984640191701,0.00013675677993365203
Rating gap (signed + absolute),Black win,0.028454934034474567,0.0014401954917930703
Rating gap (signed + absolute),Draw,0.0004468999663155782,0.00022522512906398824
Rating gap (signed + absolute),White win,0.02956151152962654,0.0006723750664840161
