bin,predicted,observed,games,model
"(-0.001, 0.1]",0.060531316263915766,0.13636363636363635,44,Elo-style reference
"(0.1, 0.2]",0.15196463448887512,0.25510204081632654,49,Elo-style reference
"(0.2, 0.3]",0.26374741615838304,0.3157894736842105,95,Elo-style reference
"(0.3, 0.4]",0.361574007383233,0.45405982905982906,468,Elo-style reference
"(0.4, 0.5]",0.46475606971993233,0.5070573139435415,2338,Elo-style reference
"(0.5, 0.6]",0.5381204413778496,0.5579201404124616,2279,Elo-style reference
"(0.6, 0.7]",0.6402969872660053,0.641851106639839,497,Elo-style reference
"(0.7, 0.8]",0.7378032724657685,0.6504424778761062,113,Elo-style reference
"(0.8, 0.9]",0.8492201426828513,0.6666666666666666,39,Elo-style reference
"(0.9, 1.0]",0.9523054156128307,0.918918918918919,37,Elo-style reference
"(-0.001, 0.1]",0.0797616411935323,0.2222222222222222,9,Logistic (ordinary)
"(0.1, 0.2]",0.16213665442951997,0.11764705882352941,34,Logistic (ordinary)
"(0.2, 0.3]",0.2550542447444129,0.22115384615384615,52,Logistic (ordinary)
"(0.3, 0.4]",0.3698424827194781,0.36163522012578614,159,Logistic (ordinary)
"(0.4, 0.5]",0.4680920769634502,0.4935483870967742,1705,Logistic (ordinary)
"(0.5, 0.6]",0.5349698261110608,0.5487390195522811,3529,Logistic (ordinary)
"(0.6, 0.7]",0.6321792118299785,0.6494708994708994,378,Logistic (ordinary)
"(0.7, 0.8]",0.7413733937538196,0.6538461538461539,52,Logistic (ordinary)
"(0.8, 0.9]",0.836729680355675,0.88,25,Logistic (ordinary)
"(0.9, 1.0]",0.9321805371199473,1.0,16,Logistic (ordinary)
