rating_gap,White win,Draw,Black win
≤−600,0.125,0.0,0.875
"−599 to
−400",0.1564625850340136,0.013605442176870748,0.8299319727891157
"−399 to
−200",0.20596205962059622,0.04607046070460705,0.7479674796747967
"−199 to
0",0.4599163626657176,0.03674704155173948,0.503336595782543
"1 to
200",0.5382648562863692,0.03412096631987304,0.42761417739375773
"201 to
400",0.7136150234741784,0.03990610328638498,0.24647887323943662
"401 to
600",0.881578947368421,0.019736842105263157,0.09868421052631579
>600,0.9302325581395349,0.0,0.06976744186046512
