model,class,precision,recall,f1-score,support,roc_auc_ovr
Majority / training priors,White win,0.513844604799463,1.0,0.6788604367586742,3062.0,0.5
Majority / training priors,Draw,0.0,0.0,0.0,217.0,0.5
Majority / training priors,Black win,0.0,0.0,0.0,2680.0,0.5
Higher-rated rule,White win,0.5610636900853578,0.5581319399085565,0.5595939751146038,3062.0,
Higher-rated rule,Draw,0.0,0.0,0.0,217.0,
Higher-rated rule,Black win,0.49914177823549605,0.5425373134328358,0.5199356338279992,2680.0,
Logistic (ordinary),White win,0.54525,0.7122795558458523,0.6176720475785896,3062.0,0.5719937199386649
Logistic (ordinary),Draw,0.0,0.0,0.0,217.0,0.6055080440508694
Logistic (ordinary),Black win,0.514037774374681,0.3757462686567164,0.43414528993317525,2680.0,0.5723288862184959
Forest (ordinary),White win,0.5439124487004104,0.6492488569562378,0.5919309215423553,3062.0,0.5557719567100992
Forest (ordinary),Draw,0.0,0.0,0.0,217.0,0.5891859963050174
Forest (ordinary),Black win,0.5,0.4298507462686567,0.4622792937399679,2680.0,0.5572207011602555
Logistic (balanced),White win,0.5791688584955287,0.3595689092096669,0.4436832560951038,3062.0,0.5699674791395499
Logistic (balanced),Draw,0.04835924006908463,0.5161290322580645,0.08843268851164626,217.0,0.6062600420219997
Logistic (balanced),Black win,0.5109070034443168,0.332089552238806,0.4025327905924921,2680.0,0.5644002084727324
Forest (balanced),White win,0.5370517928286852,0.4402351404310908,0.4838478104809763,3062.0,0.5395500807497655
Forest (balanced),Draw,0.04481792717086835,0.22119815668202766,0.07453416149068323,217.0,0.5713138054628599
Forest (balanced),Black win,0.48149705634987383,0.42723880597014924,0.4527481217872677,2680.0,0.5498252106348405
